City_ID,City,Lat,Lng,Max Temp,Humidity,Cloudiness,Wind Speed,Country,Date
0,dikson,73.5069,80.5464,-37.04,93,16,1.71,RU,1673722065
1,hobart,-42.8794,147.3294,19.59,81,7,2.57,AU,1673722043
2,atuona,-9.8,-139.0333,25.33,77,32,4.67,PF,1673722065
3,punta arenas,-53.15,-70.9167,11.06,58,75,9.77,CL,1673722066
4,new norfolk,-42.7826,147.0587,19.4,63,72,0.89,AU,1673722066
5,kapaa,22.0752,-159.319,19.5,76,0,4.63,US,1673722067
6,hermanus,-34.4187,19.2345,21.0,74,58,6.15,ZA,1673722067
7,najran,17.4924,44.1277,20.36,39,9,1.71,SA,1673722067
8,port alfred,-33.5906,26.891,21.77,86,100,2.89,ZA,1673722068
9,longyearbyen,78.2186,15.6401,-2.09,86,100,12.35,SJ,1673721897
10,mataura,-46.1927,168.8643,12.43,86,9,0.65,NZ,1673722069
11,broken hill,-31.95,141.4333,19.91,57,25,8.45,AU,1673722069
12,kodiak,57.79,-152.4072,3.73,93,100,2.57,US,1673722069
13,yellowknife,62.456,-114.3525,-19.69,84,100,4.02,CA,1673721913
14,bambous virieux,-20.3428,57.7575,26.14,78,40,4.63,MU,1673722070
15,kahului,20.8947,-156.47,24.36,72,0,1.79,US,1673722070
16,bethel,41.3712,-73.414,1.4,68,100,6.17,US,1673722070
17,muhos,64.808,25.9931,-0.06,99,100,0.69,FI,1673722071
18,dingle,10.9995,122.6711,23.1,96,100,1.36,PH,1673722071
19,butaritari,3.0707,172.7902,26.48,81,87,6.04,KI,1673722072
20,castro,-24.7911,-50.0119,22.54,86,89,2.29,BR,1673722072
21,bredasdorp,-34.5322,20.0403,20.07,68,92,4.39,ZA,1673722066
22,ushuaia,-54.8,-68.3,10.81,54,75,3.6,AR,1673722072
23,uthal,25.8072,66.6219,13.06,17,0,1.46,PK,1673722073
24,gwanda,-20.9333,29.0,24.42,51,33,3.95,ZW,1673722073
25,dumas,35.8656,-101.9732,16.41,18,0,8.75,US,1673722074
26,lasa,46.6166,10.7002,2.49,74,100,1.1,IT,1673722074
27,beisfjord,68.3751,17.5988,-1.72,77,87,3.75,NO,1673722075
28,lindi,-10.0,39.7167,24.25,94,100,1.32,TZ,1673722075
29,novoplatnirovskaya,46.1065,39.4191,-0.19,90,10,4.52,RU,1673722075
30,namatanai,-3.6667,152.4333,25.91,84,72,2.0,PG,1673722076
31,cidreira,-30.1811,-50.2056,24.39,74,100,6.89,BR,1673722076
32,port-gentil,-0.7193,8.7815,24.98,94,20,3.09,GA,1673722077
33,cabo san lucas,22.8909,-109.9124,27.01,67,0,0.89,MX,1673722026
34,esperance,-33.8667,121.9,13.18,76,5,4.75,AU,1673722077
35,hasaki,35.7333,140.8333,11.23,79,100,10.64,JP,1673722077
36,teya,60.3778,92.6267,-18.2,99,100,1.09,RU,1673722078
37,norman wells,65.282,-126.8329,-23.98,77,100,0.0,CA,1673722078
38,avarua,-21.2078,-159.775,25.03,69,75,0.51,CK,1673722078
39,tuktoyaktuk,69.4541,-133.0374,-24.0,84,20,3.09,CA,1673722079
40,kozhva,65.1073,57.0459,-3.39,94,100,4.88,RU,1673721853
41,naze,28.3667,129.4833,18.51,92,91,7.27,JP,1673722079
42,balykshi,47.0667,51.8667,-7.0,49,0,10.0,KZ,1673722080
43,bathsheba,13.2167,-59.5167,28.34,74,40,7.2,BB,1673722080
44,honningsvag,70.9821,25.9704,-1.14,86,100,6.17,NO,1673722080
45,pocone,-16.2567,-56.6228,24.7,88,100,1.64,BR,1673722081
46,rawson,-43.3002,-65.1023,18.53,62,100,12.43,AR,1673722081
47,ponta do sol,32.6667,-17.1,18.17,74,64,0.68,PT,1673722081
48,pingzhuang,42.0372,119.2889,-15.27,34,0,1.7,CN,1673722082
49,sabha,27.0377,14.4283,12.17,51,0,2.89,LY,1673722082
50,itacoatiara,-3.1431,-58.4442,23.84,93,100,0.45,BR,1673722083
51,shakiso,5.75,38.9167,14.2,50,0,1.97,ET,1673722083
52,anadyr,64.75,177.4833,-14.72,78,100,11.0,RU,1673722084
53,nishihara,26.1842,127.7558,21.6,94,75,1.54,JP,1673722084
54,rikitea,-23.1203,-134.9692,25.55,74,52,6.49,PF,1673722085
55,nizhneangarsk,55.7833,109.55,-24.55,88,95,2.26,RU,1673722085
56,spirovo,57.419,34.9766,-0.89,93,100,4.54,RU,1673722086
57,guerrero negro,27.9769,-114.0611,19.4,50,99,4.56,MX,1673722086
58,bantogon,6.5333,124.0333,24.9,87,100,0.98,PH,1673722086
59,mbandaka,0.0487,18.2603,25.84,59,100,1.67,CD,1673722087
60,sisimiut,66.9395,-53.6735,-11.84,65,21,7.02,GL,1673722087
61,victoria,22.2855,114.1577,21.78,94,0,2.24,HK,1673722024
62,bahir dar,11.5936,37.3908,16.5,79,64,2.32,ET,1673722088
63,rio pomba,-21.2747,-43.1792,27.56,80,100,2.47,BR,1673722088
64,weinan,34.5036,109.5089,-2.8,87,100,2.93,CN,1673722089
65,grindavik,63.8424,-22.4338,-5.74,58,0,4.63,IS,1673722089
66,kysyl-syr,63.8986,122.7617,-57.96,100,82,1.53,RU,1673722089
67,busselton,-33.65,115.3333,13.37,69,2,6.0,AU,1673721938
68,teguldet,57.3064,88.1667,-12.4,94,100,4.9,RU,1673722090
69,qaanaaq,77.484,-69.3632,-15.54,67,100,3.66,GL,1673722090
70,homer,59.6425,-151.5483,3.21,87,100,1.54,US,1673722091
71,hilo,19.7297,-155.09,25.69,70,100,3.09,US,1673722091
72,samana,19.2056,-69.3369,30.12,70,40,4.12,DO,1673721913
73,vestmannaeyjar,63.4427,-20.2734,-4.45,80,20,2.57,IS,1673722092
74,ulaangom,49.9811,92.0667,-29.83,98,96,1.06,MN,1673722093
75,barrow,71.2906,-156.7887,-21.99,84,100,7.72,US,1673722093
76,khatanga,71.9667,102.5,-40.25,97,100,1.3,RU,1673722094
77,kruisfontein,-34.0033,24.7314,19.34,81,77,1.47,ZA,1673722094
78,hamilton,39.1834,-84.5333,2.73,65,75,5.14,US,1673721870
79,puerto ayora,-0.7393,-90.3518,27.98,87,66,3.13,EC,1673722095
80,pussi,59.36,27.0497,4.11,77,99,7.92,EE,1673722095
81,gram,55.2895,9.0491,8.23,93,75,9.77,DK,1673722095
82,egvekinot,66.3167,-179.1667,-21.99,83,93,8.57,RU,1673722096
83,karibib,-21.9333,15.8333,24.88,43,23,5.42,NA,1673722097
84,ust-ishim,57.6935,71.1665,-10.3,94,100,3.73,RU,1673722097
85,myaundzha,63.0494,147.1858,-35.86,98,100,1.5,RU,1673722098
86,cherskiy,68.75,161.3,-36.4,97,100,0.65,RU,1673722098
87,iqaluit,63.7506,-68.5145,-18.15,71,100,6.17,CA,1673722099
88,humberto de campos,-2.5983,-43.4611,29.92,61,95,3.95,BR,1673722099
89,shubarkuduk,49.1447,56.4872,-15.88,96,27,2.53,KZ,1673722100
90,akyab,20.15,92.9,19.03,64,0,4.6,MM,1673722100
91,ivybridge,50.3904,-3.9191,7.14,81,100,9.2,GB,1673722101
92,ayan,56.45,138.1667,-31.67,67,0,8.79,RU,1673722101
93,fort nelson,58.8053,-122.7002,-16.7,87,75,2.06,CA,1673721909
94,upernavik,72.7868,-56.1549,-14.95,65,100,2.52,GL,1673722102
95,georgetown,5.4112,100.3354,26.96,93,20,1.03,MY,1673721854
96,gluckstadt,53.7833,9.4167,9.14,96,100,9.32,DE,1673722103
97,ilulissat,69.2167,-51.1,-13.99,47,75,1.03,GL,1673722103
98,newcastle,-32.9272,151.7765,20.4,87,0,0.45,AU,1673721852
99,usakos,-22.0,15.6,24.78,48,19,4.33,NA,1673722104
100,henties bay,-22.116,14.2845,18.1,89,46,1.6,NA,1673722104
101,vavoua,7.3819,-6.4778,26.64,20,12,1.37,CI,1673722105
102,ola,59.5833,151.2833,-23.32,98,100,5.93,RU,1673722105
103,pevek,69.7008,170.3133,-30.9,99,10,1.06,RU,1673722105
104,hambantota,6.1241,81.1185,23.19,100,20,1.54,LK,1673722106
105,agadir,30.4202,-9.5982,19.25,53,0,2.07,MA,1673722107
106,beringovskiy,63.05,179.3167,-19.59,95,100,7.79,RU,1673722107
107,sassenheim,52.225,4.5222,11.09,88,75,8.75,NL,1673722107
108,albany,42.6001,-73.9662,-1.64,74,59,0.89,US,1673722004
109,verkhnyaya inta,65.9811,60.3094,-5.32,87,100,6.17,RU,1673722108
110,coquimbo,-29.9533,-71.3436,20.85,64,20,6.69,CL,1673722109
111,san patricio,28.017,-97.5169,20.93,39,0,5.0,US,1673722109
112,cuauhtemoc,28.4167,-106.8667,19.09,21,0,6.43,MX,1673722109
113,saskylakh,71.9167,114.0833,-43.21,100,69,1.2,RU,1673722110
114,lovington,32.944,-103.3485,18.35,20,45,3.13,US,1673722110
115,waipawa,-41.4122,175.5153,13.63,68,25,1.89,NZ,1673722111
116,navahrudak,53.6,25.8333,2.52,83,100,3.62,BY,1673722111
117,katsuura,35.1333,140.3,13.62,85,95,9.76,JP,1673722111
118,torbay,47.6666,-52.7314,12.43,88,100,10.29,CA,1673722112
119,bontang,0.1333,117.5,25.26,86,100,1.6,ID,1673722112
120,codrington,-38.2667,141.9667,15.86,63,99,7.59,AU,1673722113
121,hithadhoo,-0.6,73.0833,26.98,67,99,6.14,MV,1673722113
122,bengkulu,-3.8004,102.2655,23.96,88,100,1.62,ID,1673722113
123,sept-iles,50.2001,-66.3821,-9.97,51,75,4.12,CA,1673722114
124,arraial do cabo,-22.9661,-42.0278,30.98,70,0,9.77,BR,1673722114
125,flin flon,54.7682,-101.865,-12.09,79,100,3.09,CA,1673721930
126,clyde river,70.4692,-68.5914,-28.87,69,100,5.14,CA,1673722115
127,palmer,42.1584,-72.3287,1.37,70,100,7.72,US,1673722116
128,mahebourg,-20.4081,57.7,26.16,78,40,4.63,MU,1673722116
129,urusha,54.05,122.9,-32.82,99,100,0.45,RU,1673722117
130,east london,-33.0153,27.9116,22.52,88,100,1.54,ZA,1673722117
131,yar-sale,66.8333,70.8333,-26.45,99,72,2.83,RU,1673722118
132,severo-kurilsk,50.6789,156.125,-6.51,74,94,15.17,RU,1673722118
133,maningrida,-12.0667,134.2667,24.76,90,100,2.79,AU,1673722119
134,isangel,-19.55,169.2667,25.27,79,11,4.51,VU,1673722119
135,buraydah,26.326,43.975,17.25,53,3,2.31,SA,1673722119
136,saldanha,-33.0117,17.9442,19.03,80,11,11.3,ZA,1673722120
137,jamestown,42.097,-79.2353,-3.88,89,100,4.12,US,1673721943
138,freeport,40.6576,-73.5832,2.92,71,100,10.8,US,1673722121
139,kenora,49.8167,-94.4337,-6.46,86,100,4.12,CA,1673721833
140,vaini,-21.2,-175.2,25.09,100,20,0.0,TO,1673722121
141,kapuskasing,49.4169,-82.4331,-11.95,72,75,2.57,CA,1673722122
142,linxia,35.6003,103.2064,-11.05,71,100,1.44,CN,1673722122
143,nuuk,64.1835,-51.7216,-6.66,63,0,1.54,GL,1673722123
144,avallon,47.4833,3.9,10.75,84,100,9.61,FR,1673721928
145,srednekolymsk,67.45,153.6833,-35.76,99,100,0.65,RU,1673722123
146,bastia,42.6667,9.3333,12.94,85,0,2.06,FR,1673722124
147,vila franca do campo,37.7167,-25.4333,13.23,73,68,10.45,PT,1673722124
148,castlebar,53.85,-9.3,5.33,61,5,9.02,IE,1673722125
149,bluff,-46.6,168.3333,12.3,82,2,1.76,NZ,1673722125
150,shingu,33.7333,135.9833,12.9,90,45,2.88,JP,1673722125
151,ozernovskiy,51.5,156.5167,-6.75,70,100,14.83,RU,1673722126
152,vardo,70.3705,31.1107,-1.45,86,80,5.11,NO,1673722126
153,del rio,29.3627,-100.8968,17.29,24,0,8.23,US,1673722127
154,kaiu,59.0129,25.0551,3.77,77,100,6.11,EE,1673722127
155,maniitsoq,65.4167,-52.9,-10.8,62,53,4.75,GL,1673722127
156,quatre cocos,-20.2078,57.7625,26.06,75,90,5.85,MU,1673722128
157,awjilah,29.1081,21.2869,13.81,56,100,1.73,LY,1673722128
158,sioux lookout,50.1001,-91.917,-4.96,80,100,3.6,CA,1673722128
159,merauke,-8.4667,140.3333,25.76,88,79,1.77,ID,1673722129
160,hesla,24.0667,85.8833,15.58,59,0,2.34,IN,1673722129
161,puerto escondido,15.85,-97.0667,28.46,74,0,1.54,MX,1673721986
162,mnogovershinnyy,53.9353,139.9242,-33.59,88,17,4.13,RU,1673722130
163,sitka,57.0531,-135.33,5.94,87,100,0.0,US,1673722130
164,kaeo,-35.1,173.7833,16.85,93,19,3.87,NZ,1673722131
165,khatima,28.9167,79.9667,11.63,76,100,2.14,IN,1673722131
166,chumikan,54.7183,135.315,-31.22,85,10,7.42,RU,1673722132
167,chokurdakh,70.6333,147.9167,-36.07,98,100,1.49,RU,1673722132
168,san vicente,-26.6167,-54.1333,25.06,66,89,0.6,AR,1673722132
169,tokur,53.1333,132.9,-39.21,100,100,1.41,RU,1673722133
170,dukat,62.55,155.55,-33.57,97,100,2.41,RU,1673722133
171,cloquet,46.7216,-92.4594,-2.86,79,0,4.12,US,1673722133
172,ust-nera,64.5667,143.2,-35.69,99,100,2.21,RU,1673722134
173,waikuku,-43.3,172.6833,16.68,74,5,2.54,NZ,1673722134
174,kavieng,-2.5744,150.7967,27.7,77,87,4.49,PG,1673722134
175,sinnamary,5.3833,-52.95,25.2,86,100,4.39,GF,1673722135
176,zhezkazgan,47.8043,67.7144,-18.75,88,93,1.33,KZ,1673722135
177,morgan city,29.6994,-91.2068,12.78,53,0,2.57,US,1673722136
178,leiyang,26.4024,112.8591,2.78,83,100,3.59,CN,1673722136
179,pisco,-13.7,-76.2167,23.03,68,0,4.63,PE,1673722136
180,xambioa,-6.4111,-48.5364,29.23,70,55,1.14,BR,1673722137
181,hami,42.8,93.45,-13.49,43,5,0.34,CN,1673722137
182,kaitangata,-46.2817,169.8464,12.08,89,13,0.79,NZ,1673722137
183,anchorage,61.2181,-149.9003,-4.8,85,100,2.06,US,1673721906
184,tual,-5.6667,132.75,28.35,72,65,8.12,ID,1673722138
185,swan river,52.1058,-101.2676,-10.06,92,100,2.57,CA,1673722138
186,pangnirtung,66.1451,-65.7125,-26.0,76,100,1.54,CA,1673722139
187,bozhou,33.8772,115.7703,-3.94,55,90,4.8,CN,1673722139
188,kloulklubed,7.0419,134.2556,24.28,80,99,3.07,PW,1673722139
189,carnarvon,-24.8667,113.6333,24.21,79,5,9.72,AU,1673722140
190,touros,-5.1989,-35.4608,28.45,66,100,7.12,BR,1673722140
191,moerai,-22.4333,-151.3333,25.41,87,94,11.77,PF,1673722140
192,saint-philippe,-21.3585,55.7679,25.77,78,37,4.39,RE,1673722141
193,hattiesburg,31.3271,-89.2903,11.23,49,0,3.09,US,1673722141
194,luderitz,-26.6481,15.1594,20.32,67,0,10.36,NA,1673722142
195,douglas,41.3,-96.167,5.22,67,0,7.2,US,1673722142
196,richards bay,-28.783,32.0377,24.66,84,1,4.14,ZA,1673722142
197,quelimane,-17.8786,36.8883,28.97,70,75,3.09,MZ,1673722143
198,vero beach,27.6386,-80.3973,13.92,45,0,9.26,US,1673722144
199,tilichiki,60.4667,166.1,-21.45,95,100,5.19,RU,1673722144
200,saint george,37.1041,-113.5841,6.33,75,75,4.12,US,1673722145
201,dukhovshchina,55.1919,32.4111,-1.65,96,100,4.09,RU,1673722145
202,ancud,-41.8697,-73.8203,14.95,66,31,3.76,CL,1673722146
203,mehamn,71.0357,27.8492,-0.26,80,100,8.78,NO,1673722146
204,kvareli,41.9524,45.8151,-2.52,72,39,2.35,GE,1673722147
205,haines junction,60.7522,-137.5108,-14.44,97,100,0.59,CA,1673722147
206,saquena,-4.6667,-73.5167,27.28,84,100,0.56,PE,1673722147
207,bani walid,31.7566,13.9942,12.76,73,0,6.31,LY,1673722148
208,laguna,38.421,-121.4238,13.41,95,100,12.35,US,1673722149
209,zavetnoye,47.1194,43.8903,-4.61,77,100,9.51,RU,1673722149
210,narsaq,60.9167,-46.05,-9.88,94,99,0.93,GL,1673722149
211,sosnovo-ozerskoye,52.5249,111.5418,-27.69,98,100,3.82,RU,1673722150
212,manzanillo,20.3433,-77.1167,27.16,48,9,4.64,CU,1673721921
213,russkaya polyana,49.417,31.9201,-0.85,82,100,2.01,UA,1673722150
214,tres arroyos,-38.3739,-60.2798,34.6,14,6,1.65,AR,1673722078
215,ust-tsilma,65.441,52.1498,-1.86,94,100,4.01,RU,1673722151
216,cape town,-33.9258,18.4232,20.62,68,0,11.32,ZA,1673722151
217,roma,43.2128,-75.4557,-2.57,73,75,3.09,US,1673722152
218,rosita,13.9268,-84.4032,25.56,74,38,3.94,NI,1673722152
219,lingao,19.9103,109.6859,20.08,93,0,2.65,CN,1673722153
220,dovbysh,50.3733,27.9874,1.16,99,100,2.08,UA,1673722153
221,alice springs,-23.7,133.8833,20.75,88,0,2.06,AU,1673722154
222,sola,-13.8833,167.55,25.37,85,100,4.42,VU,1673722154
223,wajid,3.8093,43.2471,26.51,31,4,5.19,SO,1673722154
224,vallenar,-28.5708,-70.7581,30.62,26,0,5.44,CL,1673722155
225,tura,25.5198,90.2201,15.58,59,71,0.64,IN,1673722155
226,abu dhabi,24.4667,54.3667,21.01,73,0,2.57,AE,1673721900
227,san carlos de bariloche,-41.1456,-71.3082,20.69,34,40,8.23,AR,1673722098
228,te anau,-45.4167,167.7167,13.88,83,15,0.46,NZ,1673722156
229,ngunguru,-35.6167,174.5,18.47,73,66,7.31,NZ,1673722156
230,manono,-7.3,27.4167,21.37,93,100,0.43,CD,1673722157
231,ifanadiana,-21.3,47.6333,20.22,98,61,0.42,MG,1673722157
232,nassau,40.7507,-73.5829,2.75,73,100,7.72,US,1673722158
233,tecpan,14.7623,-90.9947,16.61,48,6,2.86,GT,1673722158
234,kismayo,-0.3582,42.5454,25.43,84,41,6.81,SO,1673722158
235,jiayuguan,39.8167,98.3,-15.59,82,71,2.0,CN,1673722159
236,kangaatsiaq,68.3065,-53.4641,-17.22,76,100,4.98,GL,1673722159
237,roald,62.5833,6.1333,0.97,80,0,2.57,NO,1673722160
238,abadan,30.3392,48.3043,16.97,88,40,4.12,IR,1673722160
239,comodoro rivadavia,-45.8667,-67.5,16.92,59,75,5.66,AR,1673722161
240,dutlwe,-23.9833,23.9,27.02,28,23,4.38,BW,1673722161
241,chimoio,-19.1164,33.4833,25.92,69,40,2.62,MZ,1673722161
242,los llanos de aridane,28.6585,-17.9182,18.96,64,75,3.6,ES,1673722162
243,kuching,1.55,110.3333,27.23,93,20,1.03,MY,1673722162
244,souillac,-20.5167,57.5167,26.21,78,40,4.63,MU,1673722163
245,los barrios,36.1848,-5.4921,14.91,77,20,1.03,ES,1673722163
246,victor harbor,-35.5667,138.6167,17.22,75,55,1.79,AU,1673722164
247,sovetskiy,61.3614,63.5842,-10.36,93,100,2.37,RU,1673722165
248,charcas,23.1333,-101.1167,16.62,15,0,3.49,MX,1673722165
249,alofi,-19.0595,-169.9187,21.94,100,32,0.51,NU,1673722165
250,chuy,-33.6971,-53.4616,26.37,35,0,5.47,UY,1673722166
251,qujing,25.4833,103.7833,4.16,77,0,1.54,CN,1673722166
252,katobu,-4.9408,122.5276,24.3,90,100,0.85,ID,1673722167
253,adana,36.985,35.2881,10.29,81,75,3.09,TR,1673721991
254,goryachiy klyuch,44.6308,39.13,-4.21,76,0,1.41,RU,1673722167
255,bogovarovo,58.9785,47.0246,-5.17,93,100,5.27,RU,1673722168
256,acapulco,16.8634,-99.8901,29.19,55,0,3.28,MX,1673722141
257,faanui,-16.4833,-151.75,24.66,86,100,5.06,PF,1673722168
258,wattignies,50.5864,3.0439,10.99,76,100,2.24,FR,1673722168
259,cortez,37.3489,-108.5859,7.24,49,0,0.0,US,1673722169
260,hobyo,5.3505,48.5268,25.35,75,5,8.42,SO,1673722169
261,batticaloa,7.7102,81.6924,24.56,81,87,3.23,LK,1673722170
262,daru,-9.0763,143.2092,25.07,87,79,0.79,PG,1673722170
263,sao filipe,14.8961,-24.4956,24.23,64,1,3.41,CV,1673722170
264,cayenne,4.9333,-52.3333,25.02,83,100,2.06,GF,1673722171
265,ternate,0.8,127.4,26.63,79,99,0.42,ID,1673722171
266,okaihau,-35.3167,173.7833,15.29,93,17,1.35,NZ,1673722171
267,vila velha,-20.3297,-40.2925,28.97,77,20,8.23,BR,1673722172
268,bollnas,61.3482,16.3946,-3.47,98,89,0.34,SE,1673722172
269,college,64.8569,-147.8028,-24.96,75,20,0.0,US,1673722173
270,zelenogradsk,54.9589,20.4767,6.03,79,75,4.0,RU,1673722173
271,chapais,49.7834,-74.8492,-15.12,67,0,0.75,CA,1673722173
272,luoyang,34.6836,112.4536,-2.87,80,99,0.72,CN,1673722174
273,kalmunai,7.4167,81.8167,24.18,82,78,3.4,LK,1673722174
274,tall kayf,37.0833,41.0667,9.66,66,40,4.12,TR,1673722175
275,arrecife,28.963,-13.5477,19.99,77,20,6.69,ES,1673721916
276,airai,-8.9266,125.4092,15.56,88,100,0.84,TL,1673722175
277,sobolevo,54.4299,31.8996,-1.53,97,100,4.64,RU,1673722176
278,necochea,-38.5473,-58.7368,25.62,38,2,4.91,AR,1673722176
279,thompson,55.7435,-97.8558,-21.91,84,100,3.6,CA,1673722177
280,ossora,59.2353,163.0719,-13.12,90,100,4.0,RU,1673722177
281,jefferson city,38.5767,-92.1735,4.25,69,0,2.06,US,1673721954
282,am timan,11.0297,20.2827,26.08,18,47,1.3,TD,1673722178
283,chhapra,25.7667,84.75,13.99,69,0,3.89,IN,1673722178
284,sibolga,1.7427,98.7792,23.94,91,100,0.99,ID,1673722178
285,montabaur,50.4333,7.8333,9.48,82,100,8.49,DE,1673722179
286,san quintin,30.4833,-115.95,17.54,56,94,3.45,MX,1673721977
287,virtsu,58.5716,23.5115,3.36,92,100,8.58,EE,1673722179
288,rio gallegos,-51.6226,-69.2181,18.03,24,20,10.29,AR,1673722179
289,changji,44.0167,87.3167,-22.56,77,40,0.0,CN,1673722180
290,shache,38.4167,77.2406,-14.54,96,96,2.67,CN,1673722180
291,komsomolskiy,40.4272,71.7189,-11.6,79,3,0.94,UZ,1673722181
292,port macquarie,-31.4333,152.9167,17.72,92,11,2.71,AU,1673722045
293,mount gambier,-37.8333,140.7667,15.13,65,100,5.89,AU,1673722177
294,oxapampa,-10.5775,-75.4017,19.69,90,99,1.84,PE,1673722181
295,tuatapere,-46.1333,167.6833,13.78,75,1,0.99,NZ,1673722182
296,port blair,11.6667,92.75,23.02,78,20,0.0,IN,1673722182
297,port elizabeth,-33.918,25.5701,21.29,93,75,3.09,ZA,1673722182
298,mittagong,-34.45,150.45,15.55,99,29,1.11,AU,1673722183
299,poquoson,37.1224,-76.3458,3.35,70,100,6.69,US,1673722183
300,korla,41.7597,86.1469,-12.41,95,100,0.64,CN,1673722183
301,orocue,4.7912,-71.3354,34.79,34,88,4.58,CO,1673722184
302,salalah,17.0151,54.0924,25.05,69,75,3.09,OM,1673722185
303,thinadhoo,0.5333,72.9333,26.93,67,100,5.53,MV,1673722185
304,puri,19.8,85.85,21.29,81,0,4.43,IN,1673722185
305,antofagasta,-23.65,-70.4,21.6,70,26,4.15,CL,1673722186
306,westport,41.1415,-73.3579,1.99,69,100,4.63,US,1673721926
307,onega,63.9061,38.1404,-0.24,98,100,4.03,RU,1673722186
308,kjollefjord,70.9457,27.3465,-0.97,80,100,7.5,NO,1673722186
309,erenhot,43.6475,111.9767,-15.38,82,30,7.62,CN,1673722187
310,moberly,39.4184,-92.4382,3.01,61,0,6.17,US,1673722187
311,gornopravdinsk,60.05,69.9,-12.74,97,96,2.72,RU,1673722188
312,ouesso,1.6136,16.0517,25.79,30,16,0.63,CG,1673722188
313,solnechnyy,50.7214,136.6319,-29.46,98,43,1.77,RU,1673722189
314,namibe,-15.1961,12.1522,23.17,80,22,5.17,AO,1673722189
315,ahuimanu,21.4447,-157.8378,23.77,80,20,1.54,US,1673722189
316,mar del plata,-38.0023,-57.5575,26.02,68,0,5.14,AR,1673722190
317,asau,46.4333,26.4,-0.4,95,74,0.64,RO,1673722190
318,nikolskoye,59.7035,30.7861,1.94,95,100,5.72,RU,1673722190
319,les escoumins,48.1111,-69.0236,-8.36,87,100,5.13,CA,1673722191
320,lakeway,30.3638,-97.9796,17.82,30,0,4.92,US,1673722191
321,kamaishi,39.2667,141.8833,4.94,93,100,3.03,JP,1673722191
322,dinar,38.065,30.1656,2.98,69,100,1.05,TR,1673722192
323,coahuayana,18.7333,-103.6833,31.73,40,0,3.06,MX,1673722192
324,lompoc,34.6391,-120.4579,14.88,96,100,5.66,US,1673722192
325,iquique,-20.2208,-70.1431,24.02,63,2,3.15,CL,1673722193
326,angoche,-16.2325,39.9086,26.37,81,100,2.46,MZ,1673722193
327,skjervoy,70.0311,20.9714,0.0,65,33,9.86,NO,1673722193
328,tubmanburg,6.8708,-10.8172,26.19,70,60,2.63,LR,1673722194
329,coolum beach,-26.5333,153.1,22.82,81,98,4.2,AU,1673722194
330,port moresby,-9.4431,147.1797,24.5,88,100,1.96,PG,1673722195
331,bud,39.447,-86.1758,0.19,77,2,2.72,US,1673722195
332,peniche,39.3558,-9.3811,14.2,94,79,3.89,PT,1673722195
333,tateyama,34.9833,139.8667,12.83,84,84,7.34,JP,1673722196
334,atasu,48.6814,71.6433,-19.95,94,98,4.03,KZ,1673722196
335,oriximina,-1.7656,-55.8661,27.17,75,100,1.65,BR,1673722196
336,sur,22.5667,59.5289,19.44,51,0,6.35,OM,1673722197
337,inverell,-29.7833,151.1167,15.37,89,0,1.53,AU,1673722197
338,karabanovo,56.3167,38.7,-3.77,93,100,5.31,RU,1673722197
339,champerico,14.3,-91.9167,32.3,56,4,4.01,GT,1673722198
340,aswan,24.0934,32.907,17.61,36,0,2.57,EG,1673722198
341,black river,18.0264,-77.8487,29.43,46,4,5.46,JM,1673722198
342,waingapu,-9.6567,120.2641,25.79,84,95,3.02,ID,1673722199
343,brae,60.3964,-1.353,5.26,82,100,12.14,GB,1673722199
344,yueyang,29.3333,113.0919,-0.26,93,100,9.19,CN,1673722199
345,zhireken,52.8249,117.3076,-31.31,100,89,1.03,RU,1673722200
346,gamba,-2.65,10.0,26.01,81,100,1.41,GA,1673722200
347,chabahar,25.2919,60.643,16.71,29,0,0.96,IR,1673722201
348,hengyang,26.8881,112.615,2.67,75,100,5.19,CN,1673722201
349,zhigansk,66.7697,123.3711,-53.48,99,91,1.76,RU,1673722201
350,cesme,38.3228,26.3064,12.89,70,100,2.64,TR,1673722202
351,gandzak,40.3147,45.1114,-5.73,67,76,2.78,AM,1673722202
352,rovaniemi,66.5,25.7167,-2.33,93,100,2.06,FI,1673722203
353,isla mujeres,21.2311,-86.731,23.98,55,47,6.51,MX,1673722203
354,santa maria,-29.6842,-53.8069,25.61,61,75,0.51,BR,1673722204
355,ucluelet,48.9329,-125.5528,10.05,94,100,4.4,CA,1673722204
356,jimo,36.3897,120.4622,-5.12,63,0,8.0,CN,1673722205
357,lebu,-37.6167,-73.65,16.33,65,100,7.87,CL,1673722095
358,coihaique,-45.5752,-72.0662,19.34,39,20,3.09,CL,1673722205
359,dakar,14.6937,-17.4441,30.49,47,0,2.06,SN,1673722206
360,broome,42.2506,-75.833,-3.88,83,100,5.66,US,1673722206
361,hirara,24.8,125.2833,22.92,85,88,4.68,JP,1673722207
362,ribeira grande,38.5167,-28.7,13.22,62,40,7.6,PT,1673722207
363,geraldton,-28.7667,114.6,18.23,82,0,3.6,AU,1673722207
364,husavik,66.0449,-17.3389,-7.38,70,100,3.29,IS,1673722208
365,matara,5.9485,80.5353,23.33,91,71,1.53,LK,1673722208
366,prince rupert,54.3161,-130.3201,6.83,92,100,6.69,CA,1673722209
367,wasilla,61.5814,-149.4394,0.96,77,20,1.79,US,1673722209
368,haimen,23.1935,116.6142,20.94,91,25,2.66,CN,1673722209
369,takhtamygda,54.1,123.5667,-31.87,98,100,0.29,RU,1673722210
370,rock sound,24.9,-76.2,17.75,61,9,14.29,BS,1673722210
371,soyo,-6.1349,12.3689,26.43,83,100,4.34,AO,1673722211
372,dehloran,32.6941,47.2679,13.59,78,100,4.64,IR,1673722211
373,altay,47.8667,88.1167,-23.49,77,94,2.38,CN,1673722212
374,ikwiriri,-7.9562,38.9716,23.53,96,99,1.25,TZ,1673722212
375,ketchikan,55.3422,-131.6461,6.26,100,100,3.09,US,1673722212
376,batemans bay,-35.7167,150.1833,20.05,93,11,2.42,AU,1673722213
377,dhekiajuli,26.7,92.5,15.92,64,81,3.29,IN,1673722214
378,portland,45.5234,-122.6762,10.71,92,75,5.36,US,1673722119
379,orcopampa,-15.2661,-72.3417,16.39,21,0,5.45,PE,1673722214
380,moree,-29.4667,149.85,20.63,69,0,4.41,AU,1673722215
381,provideniya,64.3833,-173.3,-17.27,94,100,6.05,RU,1673722215
382,ballina,-28.8667,153.5667,18.9,99,100,0.97,AU,1673722216
383,pataias,39.6698,-8.9958,13.61,90,98,3.32,PT,1673722216
384,seymchan,62.8833,152.4333,-32.27,97,100,2.72,RU,1673722216
385,fairbanks,64.8378,-147.7164,-24.95,76,0,0.0,US,1673722038
386,farah,32.5,62.5,-3.01,36,10,0.69,AF,1673722217
387,asfi,32.2994,-9.2372,15.7,83,0,6.24,MA,1673722218
388,adjumani,3.3779,31.7909,26.52,29,87,0.45,UG,1673722218
389,cap malheureux,-19.9842,57.6142,25.82,69,50,2.24,MU,1673722218
390,ambilobe,-13.2,49.05,22.96,94,100,1.19,MG,1673722219
391,banjar,-8.19,114.9675,25.2,90,100,1.42,ID,1673722219
392,omboue,-1.5746,9.2618,25.46,85,100,2.46,GA,1673722219
393,porto novo,6.4965,2.6036,28.9,81,84,3.65,BJ,1673722220
394,leningradskiy,69.3833,178.4167,-30.96,100,82,1.47,RU,1673722220
395,zhuhai,22.2769,113.5678,22.14,100,40,1.03,CN,1673722221
396,sibu,2.3,111.8167,24.17,100,20,0.0,MY,1673722221
397,nome,64.5011,-165.4064,-10.96,67,100,5.14,US,1673722222
398,udachnyy,66.4167,112.4,-50.9,100,86,0.98,RU,1673722222
399,shu,43.5983,73.7614,-20.24,92,5,2.74,KZ,1673722222
400,saint-georges,12.0564,-61.7485,28.82,70,20,7.72,GD,1673722223
401,muros,42.7762,-9.0603,15.47,84,98,10.03,ES,1673722224
402,poum,-20.2333,164.0167,26.8,72,88,8.1,NC,1673722224
403,vao,-22.6667,167.4833,24.76,76,18,8.1,NC,1673722224
404,barrancabermeja,7.0653,-73.8547,29.18,70,75,2.57,CO,1673722225
405,mazamari,-11.3258,-74.5308,26.51,86,100,0.72,PE,1673722225
406,manoel urbano,-8.8389,-69.2597,29.83,60,100,1.36,BR,1673722226
407,salisbury,51.0693,-1.7957,7.47,80,40,5.66,GB,1673722226
408,schattdorf,46.8655,8.6547,7.2,77,100,4.36,CH,1673722227
409,ochakiv,46.6128,31.5498,1.23,79,100,2.82,UA,1673722227
410,olinda,-8.0089,-34.8553,28.85,65,75,4.12,BR,1673722228
411,passo de camaragibe,-9.2368,-35.4901,29.75,62,73,4.18,BR,1673722228
412,lerwick,60.1545,-1.1494,5.0,80,100,14.74,GB,1673722228
413,tessalit,20.1986,1.0114,21.69,16,6,3.61,ML,1673722229
414,santa fe,-31.6333,-60.7,35.57,20,0,2.68,AR,1673722138
415,san rafael del sur,11.8485,-86.4384,31.54,31,21,7.57,NI,1673722229
416,bull savanna,17.8868,-77.5902,27.65,49,5,4.29,JM,1673722230
417,kiunga,-6.1219,141.2906,23.29,97,59,0.98,PG,1673722230
418,colares,38.7992,-9.4469,14.63,87,75,6.71,PT,1673722231
419,xiuyan,40.2928,123.2744,-13.34,35,100,7.35,CN,1673722231
420,blois,47.5833,1.3333,13.21,91,100,11.42,FR,1673722231
421,luganville,-15.5333,167.1667,24.55,90,96,0.9,VU,1673721965
422,belle fourche,44.6714,-103.8522,15.58,32,56,6.44,US,1673722232
423,kabo,7.6994,18.629,25.81,20,69,1.88,CF,1673722232
424,garmsar,35.2182,52.3409,1.07,32,60,2.2,IR,1673722233
425,launceston,-41.45,147.1667,17.31,90,40,4.12,AU,1673722233
426,ahipara,-35.1667,173.1667,16.02,89,6,2.2,NZ,1673722234
427,celestun,20.8667,-90.4,22.29,54,96,4.9,MX,1673722234
428,saint-pierre,-21.3393,55.4781,25.82,61,20,3.09,RE,1673722234
429,vanimo,-2.6741,141.3028,25.14,89,100,0.96,PG,1673722235
430,rudbar,30.15,62.6,-1.1,33,1,0.86,AF,1673722235
431,cabedelo,-6.9811,-34.8339,30.37,70,100,6.33,BR,1673722235
432,coracao de jesus,-16.6853,-44.365,26.09,71,100,2.22,BR,1673722236
433,the valley,18.217,-63.0578,26.92,94,75,6.69,AI,1673721968
434,marawi,7.9986,124.2928,19.85,96,100,0.35,PH,1673722236
435,axim,4.8699,-2.2405,27.05,78,5,4.09,GH,1673722237
436,marzuq,14.4,46.4667,16.05,81,5,3.09,YE,1673722238
437,rocha,-34.4833,-54.3333,29.01,27,0,7.26,UY,1673722166
438,tasiilaq,65.6145,-37.6368,-9.31,51,100,8.27,GL,1673722238
439,bilibino,68.0546,166.4372,-25.41,93,9,3.46,RU,1673722238
440,tazovskiy,67.4667,78.7,-33.14,98,49,3.48,RU,1673722239
441,lensk,60.7253,114.9278,-36.87,98,100,1.07,RU,1673722239
442,peace river,56.2501,-117.286,-10.83,92,100,1.54,CA,1673722240
443,springbok,-29.6643,17.8865,24.11,32,3,2.68,ZA,1673722240
444,tagusao,9.1924,117.8141,25.86,83,74,4.31,PH,1673722240
445,luan,46.3592,6.9759,6.63,70,100,0.45,CH,1673722241
446,lira,2.235,32.9097,22.33,33,1,2.05,UG,1673722241
447,cheremshanka,56.1192,60.268,-12.3,78,100,8.15,RU,1673722241
448,taoudenni,22.6783,-3.9836,21.73,18,0,4.82,ML,1673722242
449,lagoa,39.05,-27.9833,12.72,55,90,13.0,PT,1673722242
450,kaithal,29.8,76.3833,5.74,37,0,3.49,IN,1673722242
451,hanmer springs,-42.5167,172.8167,14.77,65,0,0.25,NZ,1673722243
452,atar,20.5169,-13.0499,26.03,14,0,5.14,MR,1673722243
453,camacari,-12.6975,-38.3242,27.87,64,100,4.8,BR,1673722244
454,smolenka,52.1352,113.4974,-23.92,64,11,6.0,RU,1673722244
455,bogande,12.9714,-0.1436,23.75,13,7,3.79,BF,1673722244
456,kalabo,-14.97,22.6814,21.61,74,88,2.09,ZM,1673722245
457,aginskoye,51.1,114.53,-21.76,80,7,6.12,RU,1673722245
458,greeneville,36.1632,-82.831,0.79,68,100,4.63,US,1673722149
459,jaciara,-15.9653,-54.9683,25.02,88,100,1.24,BR,1673722246
460,coxim,-18.5067,-54.76,22.28,94,100,4.55,BR,1673722246
461,goderich,43.7501,-81.7165,-2.83,68,3,5.66,CA,1673722246
462,mpika,-11.8343,31.4529,17.01,96,100,0.63,ZM,1673722247
463,singkawang,0.9,109.0,24.29,89,100,1.35,ID,1673722247
464,leon,21.1167,-101.6667,20.22,17,0,1.61,MX,1673722248
465,denpasar,-8.65,115.2167,25.81,94,75,1.03,ID,1673722246
466,dalvik,65.9702,-18.5286,-6.04,74,100,1.92,IS,1673722248
467,bouar,5.934,15.596,22.06,23,9,2.43,CF,1673722249
468,krems,48.4092,15.6142,8.24,86,100,1.52,AT,1673722249
469,borodino,55.9106,94.8983,-10.21,93,100,7.44,RU,1673722249
470,caravelas,-17.7125,-39.2481,28.09,65,0,4.65,BR,1673722250
471,saint-augustin,51.226,-58.6502,-9.97,75,100,5.47,CA,1673722250
472,lanja,16.85,73.55,15.9,84,27,1.17,IN,1673722251
473,alta floresta,-9.8756,-56.0861,24.32,95,100,1.24,BR,1673722251
474,susner,23.95,76.0833,11.63,39,0,3.08,IN,1673722252
475,galle,6.0367,80.217,24.25,85,24,1.73,LK,1673722252
476,andros town,24.7,-77.7667,15.98,53,0,12.67,BS,1673722252
477,riyadh,24.6877,46.7219,14.08,79,0,5.14,SA,1673722200
478,misratah,32.3754,15.0925,16.27,72,32,8.98,LY,1673722253
479,cervo,43.6702,-7.4101,15.25,73,100,10.49,ES,1673722253
480,aksu,41.1231,80.2644,-13.09,94,98,2.3,CN,1673722253
481,jilib,0.4883,42.7854,24.55,80,86,3.73,SO,1673722254
482,half moon bay,37.4636,-122.4286,15.18,88,100,11.83,US,1673722254
483,novo aripuana,-5.1206,-60.3797,26.33,85,100,2.06,BR,1673722254
484,plettenberg bay,-34.0527,23.3716,19.38,84,9,1.1,ZA,1673722255
485,sao miguel do araguaia,-13.275,-50.1628,29.67,62,28,1.45,BR,1673722255
486,nelspruit,-25.4745,30.9703,25.16,78,20,5.66,ZA,1673722255
487,dehui,44.5333,125.7,-21.91,90,5,1.65,CN,1673722256
488,san policarpo,12.1791,125.5072,25.45,85,100,1.05,PH,1673722256
489,bograd,54.2344,90.8328,-12.43,91,100,0.75,RU,1673722257
490,chodziez,52.995,16.9198,6.27,69,100,8.12,PL,1673722257
491,sangar,63.9242,127.4739,-54.72,99,94,0.99,RU,1673722257
492,susanville,40.4163,-120.653,3.14,94,100,0.0,US,1673721965
493,belyy yar,53.6039,91.3903,-6.06,76,0,8.0,RU,1673722258
494,tambura,5.6,27.4667,25.17,32,0,2.09,SS,1673722258
495,severomuysk,56.1481,113.4267,-31.65,98,100,1.49,RU,1673722258
496,labuan,5.2767,115.2417,24.2,94,20,0.0,MY,1673722259
497,kenitra,34.261,-6.5802,13.42,82,71,2.58,MA,1673722259
498,hovd,48.0056,91.6419,-21.68,80,8,0.69,MN,1673722260
499,makakilo city,21.3469,-158.0858,23.99,81,0,2.57,US,1673722260
500,jucas,-6.5253,-39.5275,32.55,40,82,3.81,BR,1673722260
501,piura,-5.2,-80.6333,30.58,36,83,2.79,PE,1673722261
502,guadalupe victoria,32.2869,-115.105,20.85,18,100,3.33,MX,1673722261
503,suwannaphum,15.6035,103.8021,23.81,55,0,1.91,TH,1673722261
504,byron bay,-28.65,153.6167,18.86,82,100,0.7,AU,1673722262
505,port hedland,-20.3167,118.5667,29.03,74,89,0.0,AU,1673722262
506,mogadishu,2.0371,45.3438,25.56,84,5,8.84,SO,1673722217
507,nabire,-3.3667,135.4833,24.77,90,97,0.89,ID,1673722263
508,eirunepe,-6.6603,-69.8736,29.76,66,100,0.54,BR,1673722041
509,hailar,49.2,119.7,-28.84,95,100,3.68,CN,1673722263
510,comarapa,-17.9,-64.4833,17.99,70,100,2.15,BO,1673722264
511,novikovo,51.1537,37.8879,-4.12,92,100,4.66,RU,1673722264
512,maua,-23.6678,-46.4614,27.89,62,95,4.47,BR,1673722264
513,yulara,-25.2406,130.9889,25.62,36,91,9.19,AU,1673722265
514,derzhavinsk,51.1,66.3167,-17.05,84,77,5.07,KZ,1673722265
515,port lincoln,-34.7333,135.8667,16.29,67,100,7.29,AU,1673722266
516,bozova,37.3625,38.5267,3.51,90,100,3.89,TR,1673722266
517,caxito,-8.5785,13.6643,24.83,83,28,1.54,AO,1673722266
518,codajas,-3.8367,-62.0569,27.45,72,100,1.74,BR,1673722267
519,melville,40.7934,-73.4151,2.01,75,100,7.72,US,1673722267
520,moranbah,-22.0016,148.0466,19.74,95,100,9.01,AU,1673722268
521,brejo,-3.6844,-42.7503,30.79,54,100,0.94,BR,1673722268
522,ambulu,-8.345,113.6058,24.58,89,100,1.21,ID,1673722268
523,arimalam,10.2667,78.9,20.0,81,27,2.93,IN,1673722269
524,bac lieu,9.285,105.7244,24.48,88,100,3.03,VN,1673722270
525,lithgow,-33.4833,150.15,11.94,93,0,0.81,AU,1673722271
526,barra do corda,-5.5,-45.25,27.61,85,100,1.12,BR,1673722271
527,tondano,1.3038,124.9112,23.05,90,100,1.12,ID,1673722272
528,tiarei,-17.5333,-149.3333,28.01,77,100,3.21,PF,1673722272
529,labuhan,-6.8844,112.2051,25.17,85,100,3.15,ID,1673722272
530,dudinka,69.4058,86.1778,-41.94,95,45,1.67,RU,1673722273
531,old town,50.087,14.4202,8.87,69,0,5.66,CZ,1673722274
532,la sarre,48.8002,-79.1996,-12.64,72,0,1.61,CA,1673722274
533,zherdevka,51.8486,41.4606,-10.04,93,22,4.87,RU,1673722274
534,jackson,42.4165,-122.8345,11.12,65,100,10.73,US,1673722012
535,zermatt,46.0213,7.7491,0.35,83,100,2.23,CH,1673722275
536,goma,-1.6792,29.2228,17.67,84,82,1.5,CD,1673722276
537,amapa,1.0,-52.0,28.4,66,100,1.92,BR,1673722277
538,xai-xai,-25.0519,33.6442,25.3,87,0,4.69,MZ,1673722277
539,panama city,8.9936,-79.5197,31.21,60,40,6.17,PA,1673722109
540,avera,33.194,-82.5271,9.75,41,6,4.54,US,1673722278
541,north bend,43.4065,-124.2243,12.82,87,20,4.63,US,1673722278
